ID,Target
ID_OdrVnE_20110615,0.5975256662847004
ID_MdWBtG_20230910,1.930358658336681
ID_YQ3N92_20180517,2.8814656202171474
ID_73qWlF_20130902,0.6846612938412853
ID_3u9JmK_20210212,5.1331764477730495
ID_dg5ysG_20161127,12.462517252834104
ID_T3z2bW_20160330,12.254159369162311
ID_jFjub9_20130101,6.375452601445916
ID_Fuz8ZP_20201101,9.076592143309595
ID_bacUDk_20190503,4.110968823330927
ID_Di6jMk_20180512,3.827462065080222
ID_3qgMNX_20130609,0.5280347665442526
ID_VXGbRO_20231116,4.5080994346158665
ID_ZOSL1r_20221115,4.439453820469498
ID_XGJHk0_20211125,16.53459144908475
ID_xeEUQ5_20200614,0.5446166902081953
ID_zzX6T3_20200518,4.822652726558762
ID_HBqEBR_20190304,4.893740235958665
ID_eDWOFo_20151218,7.951514558983307
ID_bdZYyK_20170529,1.2889260361891561
ID_6uvGRF_20160804,0.5176047112729582
ID_1zE697_20231101,7.69775589428647
ID_ysCO8C_20140317,8.196170679880037
ID_lscQC4_20120630,0.6407007568387495
ID_dP1lHS_20201222,6.617014074719589
ID_vfHZIV_20120203,4.667913103940399
ID_CqrGPy_20120204,4.6988558127705415
ID_JnSawW_20131122,8.87554685033444
ID_hykasd_20230319,3.2577474216238502
ID_x3rhF1_20220201,5.737898413521936
ID_dYZt4W_20160520,0.5460834605422378
ID_SukOBh_20130906,7.194974027517331
ID_qwS41B_20190706,0.509282176895487
ID_zTXYCX_20200419,11.166934028651422
ID_OW1Ldy_20160928,2.751332004845918
ID_3oMJWs_20210927,1.9924926444680842
ID_JaIhCv_20190302,4.78897896274744
ID_0y8uNw_20231215,6.733234705168613
ID_mUhLvV_20211205,5.42251836942212
ID_N11L79_20211207,6.22715724969032
ID_JJPS94_20120309,3.6298811881177206
ID_pJBLp2_20230929,1.6332652187531738
ID_PRa7hM_20100321,8.604331269451025
ID_B7FhNp_20170816,0.5374622418260333
ID_nzWajI_20230403,3.556429739061911
ID_b75szW_20170712,0.6085518550713614
ID_YmDiUi_20180304,7.75192987806882
ID_uWZXm3_20121104,5.9838344606665235
ID_dKhp4o_20161222,3.112733098699619
ID_0nrnXd_20141013,3.6638821567724373
ID_NNpoqa_20171210,18.047858703405083
ID_BgUL19_20231229,9.758360851642186
ID_k5Bw5O_20150930,0.9313666390795536
ID_QRh8XJ_20100203,5.265093800801109
ID_dUB4ov_20200507,4.793888007080185
ID_xKNTaE_20210705,0.5148247162704901
ID_hWtugu_20161006,2.0266632414352412
ID_4Ye2BO_20130203,7.720935191475222
ID_Mr0pE4_20100124,7.5564538042312925
ID_OSSj42_20180203,7.189238824234967
ID_gg8otV_20160723,0.4969608279439087
ID_BTPw4p_20130622,0.5112557471304886
ID_xCYLw7_20130527,1.044184052709129
ID_Idvs1x_20140914,1.3604346181950722
ID_ydJM3b_20170722,0.6315364986114358
ID_o3UGga_20180902,1.0457796462589748
ID_OXV81f_20200523,2.2529948233930885
ID_Dvc8s7_20230428,12.851877355617052
ID_jEmTTc_20110823,1.0823012260833114
ID_zHUQrQ_20161230,5.036787835778402
ID_01P4Kw_20220510,4.912861831486022
ID_dTKjYS_20140223,4.388311384313615
ID_2W0HVP_20120418,4.08534792819766
ID_mcmfzo_20160326,9.888947281648626
ID_fDvliu_20160810,0.5966576042950045
ID_k3ZIUh_20231207,4.806556963653276
ID_rSqqPR_20201116,19.974081829179127
ID_lEdzwd_20180712,0.528633768165577
ID_NW1w9C_20210420,9.029570466659216
ID_RNYpbr_20160813,0.6208148338803857
ID_yXptLV_20210124,5.226209286793464
ID_AGm71w_20190123,3.8750650395237236
ID_X0LCW6_20210329,5.004565646992329
ID_ntr9AM_20221026,3.797512585317306
ID_EEo36N_20231127,4.937862011114055
ID_enUXHt_20111113,8.497076694209333
ID_G918Dy_20110417,4.799596734962475
ID_KxAErv_20110215,4.846468566288403
ID_F1q1zM_20200624,0.500905847431373
ID_JuLcPm_20111226,5.065953058941275
ID_F2YyLE_20220611,0.5004266897724818
ID_eXOgJS_20110517,5.658519599718954
ID_KjkpHU_20160406,9.927507322620608
ID_fUSBlA_20231103,8.168311326916994
ID_zs1coK_20150422,2.493954660577866
ID_BRTyOj_20210115,6.193470827190584
ID_DMRExi_20220820,0.7094353851172244
ID_xX9Ist_20150306,2.8773601994156643
ID_M16hNg_20100307,6.57333811938918
ID_0iSYOA_20190402,3.379375713561587
ID_nCX0Za_20140222,7.2351030708765816
ID_8fmYej_20150404,2.124536986004163
ID_WSyT2x_20220814,0.6121794253749269
ID_jK6TSq_20120527,2.39205176163705
ID_2uvqV4_20200426,16.354878499480208
ID_8wwzx7_20160407,6.449155506115538
ID_5GMcgO_20140825,0.5371190883534894
ID_0jbDUG_20100828,0.5174534432706813
ID_GQ3xus_20200828,2.196850142859396
ID_1noin4_20161201,12.382257292492593
ID_MCSDDz_20230723,0.6823370508567995
ID_tOt9ln_20210404,5.972916862819341
ID_jaVYXo_20201008,3.0739566857303955
ID_UBRGkY_20110513,8.306046919512848
ID_T3NQJR_20190406,6.013057594549083
ID_Q3J5GQ_20110411,5.969802824480748
ID_Yhvesw_20150719,0.5134959334911182
ID_g3BTC0_20120529,1.5107075601278848
ID_FdCfvU_20211202,9.745063320464576
ID_HKNTwF_20100326,12.78760097122771
ID_YChRo9_20160505,6.639049574146932
ID_juEU6E_20121226,4.305811367021191
ID_mfuwnO_20120216,3.502529599926408
ID_7PpIKA_20160304,5.110431375654913
ID_lLxz5c_20231130,5.054190703679794
ID_N2umDb_20110808,0.7191352631363839
ID_EFPu19_20190604,0.5055611819530728
ID_mG45F6_20101024,3.7705480261522872
ID_CiGN3u_20170621,0.819512819746914
ID_nF6xlE_20171017,6.409524586963631
ID_Ts1BLO_20100417,5.121673631630237
ID_EqfbYv_20140601,1.2744253127522405
ID_3NVj82_20131118,9.20235585207969
ID_xpm15x_20170620,0.6909877352318702
ID_uuzhRH_20211029,13.465468890272403
ID_kmcczY_20141213,5.525233355237988
ID_AjcgJM_20100109,5.682866102912147
ID_r8aU4f_20221023,3.296852232581525
ID_r2HOt3_20220625,0.567393476609606
ID_P3VtU8_20230811,0.5762068218828573
ID_ww3bb7_20230819,0.5654230858034317
ID_0LA1Rf_20171021,3.967434002443804
ID_J2nAre_20180119,5.063707645932997
ID_0v2gtx_20181104,6.506193810934037
ID_XQGTUD_20140728,0.605200625341326
ID_W8uD2U_20110414,4.933029479037431
ID_hmncJZ_20130218,10.875986840077653
ID_S4EhUn_20181013,4.974524658072697
ID_z4ZgAz_20100629,0.5303361521041501
ID_ZOA0ig_20121017,5.703115081660266
ID_c7N9G0_20170812,0.49534678580032687
ID_sMteM6_20140731,0.6354981620693729
ID_mfVeoS_20140322,3.20266635908645
ID_xJ5XtY_20160502,7.262412859094434
ID_SOVPxS_20100607,0.551842909866793
ID_EkHJXV_20220913,0.9479439528062212
ID_ek1uxH_20110813,0.5073869687819247
ID_MLHqil_20130321,5.860558417761824
ID_pGQ4JN_20100816,0.6982107805440254
ID_6SnC6Z_20160221,10.599177890460359
ID_6miPgz_20111109,15.320688956335735
ID_tjr7JD_20100130,6.190784358586486
ID_5GFEcW_20111207,4.979994366898209
ID_M0j9jN_20180502,4.794805628930037
ID_b6DW1Z_20130314,6.334669452104915
ID_vUeMFZ_20200727,0.719899588980818
ID_QBQih4_20100912,3.0827024460065227
ID_NOaKvn_20170413,14.105184661696308
ID_VVOLpY_20160526,1.3577953455317833
ID_NBBZME_20230813,0.5907766087830189
ID_Engoer_20231121,8.632179581859772
ID_DdFCix_20140623,0.5025426356214351
ID_lrYlNo_20101007,3.256465717104507
ID_wXk0wj_20190926,3.3682645621205145
ID_sNmYqu_20180818,0.6451950460225362
ID_6FMaed_20220325,2.233795949625996
ID_RPnqdT_20101130,5.180064973873158
ID_BOG3WL_20100601,2.5692171825884236
ID_WGySyu_20130424,5.44613789842718
ID_VqWwuL_20170504,7.410047702166953
ID_BvT09W_20160105,5.725735712006054
ID_NBe0vK_20231018,5.743451668130786
ID_oxOWLD_20150409,4.637123452580433
ID_JFQs6k_20211023,8.680082294665459
ID_1hVPBy_20110716,0.5486722250174807
ID_UrhyHO_20210531,0.5479523852601009
ID_tYQist_20180920,4.479576688508847
ID_J3dG2E_20150920,1.519801130961166
ID_YCeaV2_20170821,0.8300244298546113
ID_pZ6IZw_20210507,11.262589745121327
ID_EmmpGr_20180507,7.256333670021264
ID_T9xDas_20180127,4.333548302664287
ID_HSiSQt_20220816,0.5411491933553843
ID_7LMGLH_20151222,4.415554664307256
ID_b5qtMN_20231003,2.2883481700443475
ID_DKfSvN_20151208,10.56114789292637
ID_Yd6KRq_20100618,0.5406623125999791
ID_sRB473_20230426,3.902626509741627
ID_pnx88j_20190127,7.91386937816822
ID_FsZNOc_20210421,7.438974973361028
ID_TeFa8g_20210529,0.6926823965907433
ID_0xlnGi_20120810,0.5049120687028106
ID_145SuE_20101112,11.05478436434302
ID_va7m7K_20121210,3.2868038091182763
ID_yFq3Gb_20220728,0.6926185267923769
ID_5cNZUq_20150926,1.6044001719874252
ID_hRLFuA_20190505,10.047043939376179
ID_99CQPK_20131006,5.629398856276109
ID_P0MhGG_20151128,22.12608961703871
ID_MMAocM_20180428,5.798461453722387
ID_7YdE2m_20201002,4.35440054358274
ID_wqxOoh_20130223,4.239382266528458
ID_jjB0tF_20220321,12.938389896528461
ID_R6wzNf_20160423,8.475930123411565
ID_z65R1B_20150112,2.763148752440777
ID_SVbcDX_20220516,3.387644213470018
ID_IqK7CK_20150602,0.687826116288346
ID_C47Z4F_20100719,0.6054454397239761
ID_ILwJYs_20170709,0.515889779575101
ID_yJMesq_20210611,0.899023710617274
ID_NTB2QQ_20230509,4.011103112287974
ID_A7JPgJ_20211015,3.3539928748713805
ID_rKbRv7_20131015,4.232448473846658
ID_TbwH4Z_20110623,0.5223530923134272
ID_tvHSud_20110708,0.517556821706251
ID_lWux9F_20220323,1.0063195721654938
ID_0i1ZP8_20150202,7.084318192558783
ID_N7L6vV_20110810,0.5293029859905924
ID_izpxAX_20230215,8.889267587874984
ID_uNHHRG_20160518,3.0918766743452144
ID_9rpBfD_20161225,5.603534324578521
ID_BwapUm_20210730,0.5091299574366625
ID_F5cvU7_20140713,0.5614102158334034
ID_kLnI92_20210630,0.5219348164056332
ID_VZtWxx_20150918,1.2046576389873398
ID_0TgYaz_20110418,5.300105947749672
ID_KhzJar_20120122,5.308645275437945
ID_1PjPjj_20150820,0.5925565781443347
ID_jmfd5C_20191117,18.00285602384499
ID_JpYvX3_20230323,5.646015779890648
ID_q9JrHQ_20101213,8.636841413686918
ID_6VX3dM_20151227,9.20890074474769
ID_QgDJwT_20130529,2.3603554623237497
ID_JDOTVr_20220829,0.5754914364460864
ID_dsIZjB_20151020,4.983909298420354
ID_NYsozs_20181207,7.519488704635402
ID_sFH5WP_20150909,0.7196842319570744
ID_o4TZVp_20100817,0.5061570513407119
ID_7su28v_20100829,0.5191169009163017
ID_AIPRtI_20100322,6.450477290543584
ID_lK8R1K_20170408,2.536387740348253
ID_dTsb0A_20200628,0.5251040807106342
ID_0Rynou_20160612,0.5114910070911127
ID_ZVMJjC_20200906,2.5044384635907466
ID_QwT30h_20220509,5.39456827759299
ID_PHyjMc_20130329,3.975657888051388
ID_NITL7O_20170315,15.201457601368835
ID_nr7NJQ_20120802,0.7408042553755878
ID_uNrJym_20120205,4.510955477741623
ID_cq1hAn_20170207,5.034825352984818
ID_WmhIu8_20230222,4.5521408855023475
ID_Mm7uq3_20100906,1.6920731445902732
ID_uTWono_20110521,6.03485700404699
ID_s3anr4_20120323,14.159509070293803
ID_sWa1IX_20140917,2.510616986904955
ID_pOc93e_20181221,4.26009897804083
ID_JUX2Ih_20141221,5.047204643631235
ID_Gf9nN0_20210327,4.534479668319556
ID_T4YMBb_20151106,5.580834949633697
ID_zR6QBu_20120704,0.5407850290876103
ID_fxzXFe_20190805,0.5254255668428203
ID_f76I0O_20180724,0.48902875655922906
ID_cqrMfl_20180921,1.080204299878595
ID_tqGOJG_20140120,4.826745169493576
ID_4jkY2W_20110502,5.246448175878064
ID_r2vUw6_20201211,9.931761574677346
ID_5rCMbN_20200912,4.039144787192833
ID_1Ko4fL_20140827,1.3264316225525359
ID_3kqliJ_20100330,2.887905515317118
ID_TFODoH_20160223,12.486414211880025
ID_xslp0C_20150313,2.5604750483608187
ID_2vKfUe_20221130,6.8209055174773985
ID_eSZDOi_20121113,6.900105868430522
ID_wyTKAO_20151109,5.566564559050531
ID_lFCBt3_20180506,6.64657593311321
ID_r6vfpq_20210621,0.5186805930864055
ID_GFQgzj_20120923,3.4887812419982547
ID_ifO3Hx_20160211,4.760989993082051
ID_GYevJz_20100525,1.2661473470361253
ID_ow4iio_20231231,4.7940783351239125
ID_nk7Tr8_20170920,2.642194389330614
ID_OUTiw2_20170919,3.4508722132441827
ID_UKoOuT_20120904,1.209268787259624
ID_r6jANZ_20170803,0.6473921224166499
ID_XxMiRC_20200524,2.0290244453912254
ID_l0IKrq_20131113,12.199097028201061
ID_no9xGi_20160530,1.131477713151706
ID_ZJosqu_20140127,3.306618351476282
ID_fdNX0K_20171005,5.102798554244828
ID_rxkiJ8_20131007,3.742353331377716
ID_vu6jwj_20110129,6.182899518854706
ID_6Ctq6Z_20170401,3.245300194618843
ID_LpYVly_20211128,4.020221181473591
ID_tloMvz_20131125,8.785306943109982
ID_3Mio4o_20220314,7.020940040408293
ID_3n1r26_20100411,9.22604235114388
ID_Ra8ILT_20180130,3.503322275962227
ID_qxk3h7_20220515,4.029700337976088
ID_MiVruC_20141022,5.582636878192847
ID_xvqutP_20190430,4.929225408604915
ID_fvi7mk_20130831,0.7782751749468911
ID_v8JkSP_20190830,0.6647174074459883
ID_qkmDQi_20180904,1.542312315166821
ID_jy9PmT_20170502,7.472935015794604
ID_smsKzN_20160119,4.994121739451928
ID_VEBOE3_20200513,10.7945659860704
ID_McNuFz_20130202,4.454320406318097
ID_tAWx5c_20161114,5.680660132681528
ID_ydVZmR_20111016,6.760709406795614
ID_tai6SC_20211017,3.0333961598557013
ID_7LtBsh_20130816,0.499969290417394
ID_58LVUt_20190629,0.5240060595450711
ID_N257a2_20110109,4.721247987893533
ID_DU12wg_20161206,6.486878079899487
ID_bPb5XM_20200602,1.7152439618790547
ID_ra5wvU_20200223,7.129287956532871
ID_Q5cHiE_20120715,0.5317688924291404
ID_Q7JJxr_20170512,10.055336546830906
ID_8Swu61_20220319,2.843982258475719
ID_heFGjI_20110801,0.6502469246517837
ID_TvqSp1_20170404,2.4536080141472465
ID_deAcVt_20210920,1.3729921300556889
ID_A8efCp_20231209,2.5789867652575524
ID_6O6Y3P_20191008,4.47740773630613
ID_pkGtum_20230112,9.095121427935583
ID_6VqylT_20220830,0.7854617178051534
ID_D8CEb7_20111223,5.008718683048148
ID_FCZ8gq_20101025,4.967435186936202
ID_94kpHx_20110221,6.5330501922899025
ID_QpIYez_20141118,13.644640696260213
ID_mVCybw_20140926,1.2257195251032382
ID_7zchQw_20221225,7.625834573405326
ID_uz5IlU_20120928,6.043873780108305
ID_0WsMsr_20100819,0.5700930415513883
ID_VX3jW2_20210713,0.49016118939441955
ID_DNjh3e_20120321,5.718131463071785
ID_Iv4rou_20211026,5.011274436882813
ID_KRUkh8_20190420,4.209759552061621
ID_EHuGdw_20220216,3.191390552566386
ID_xmRAV1_20121209,8.76708001114025
ID_CaTbKt_20131203,6.482438230185316
ID_56TQp9_20190521,3.8011872312058124
ID_fQy8MW_20141010,6.645874615432771
ID_DAYLNi_20160130,3.0008525241940753
ID_XAC3jG_20140430,8.185018652169973
ID_A4Tnft_20140214,3.890243135167347
ID_gAfzFV_20200610,1.533788348881433
ID_cvzCh6_20170202,3.819381440688856
ID_Snoo7P_20131114,12.258153554641732
ID_nZvajC_20180122,6.24103294966285
ID_LpZUcN_20121211,4.959157084063061
ID_f1omEO_20230629,0.5616031530429351
ID_jSdD2y_20170121,5.470596616900854
ID_OPNdJo_20150225,6.854975835510164
ID_ayZxf2_20200629,0.543112997220117
ID_FJ06bJ_20221218,5.64497683395636
ID_Z4vKBq_20180131,3.9697421711762497
ID_MEp96Z_20111005,3.4749043348988806
ID_AXJbgA_20141023,5.294248700233
ID_wjk46M_20230111,4.038664044587767
ID_nlymZW_20210423,6.813578644964577
ID_8CqgGg_20121110,4.439023832105663
ID_ediK5n_20141228,4.130137386314788
ID_crXTSx_20151211,5.0459507025431005
ID_g8KcEm_20160205,8.486129383022794
ID_Qss23S_20230624,0.5362827349601862
ID_S3S2QE_20180328,10.921483659007714
ID_b1rq0g_20100530,1.1978389700247507
ID_ZsoSh0_20140920,1.459884582785149
ID_7ltzYc_20200125,4.104076788324589
ID_595qp7_20180315,7.551032259193326
ID_0GRoUW_20131002,1.2595248061360413
ID_AdPGLB_20210731,0.5044409677638859
ID_bCBsPd_20111102,6.774238459031719
ID_tt0kbu_20161108,4.729627982236492
ID_HS3A64_20200605,1.8098211136348454
ID_wvyuCK_20181026,4.358814382023116
ID_1FILm2_20100113,7.792176627486487
ID_KcH9y9_20100404,6.706458800441234
ID_S5uuv8_20220418,5.6636222287168145
ID_RhV5vv_20140607,1.107751014813168
ID_4LrAUi_20120531,1.9362276924061372
ID_sIIl45_20200814,0.6800271192877525
ID_kzp9ke_20150325,5.36472836612781
ID_60WOMG_20151013,2.5974739803160958
ID_nmMbuN_20161123,5.234212298949682
ID_ggJfSc_20140925,1.2621609725460052
ID_609Vih_20160203,2.3069510155769324
ID_nbgDyl_20170927,1.1469387534842888
ID_3Ckcph_20130327,5.588991257042478
ID_0C3ko9_20161007,4.032956344032359
ID_Ix4jrD_20110227,3.616484166977293
ID_JRmGIt_20180617,0.7690489090702842
ID_Gi3aAK_20160727,0.5076256457341248
ID_zhVfe1_20210418,6.055406021055608
ID_oJlL43_20191113,7.249677994229398
ID_GEpTED_20200318,6.335441750732139
ID_W0diQm_20140619,0.5749210230423589
ID_BCli5x_20120318,5.901401039839842
ID_icFNEw_20231007,1.8794880094267683
ID_iDklng_20170305,9.50944648249164
ID_81XlIQ_20201213,14.02120587189182
ID_nX6Sw0_20210915,3.151593760023336
ID_nPwb2J_20221201,3.2702813829829624
ID_DMNwF6_20181110,6.011558396542553
ID_2Hw2pe_20210802,0.6992913748321959
ID_nGcIET_20171122,15.880501026416784
ID_yELaD3_20170911,2.059699978260256
ID_tpteVv_20191026,15.466948939152486
ID_JDxYIe_20160501,14.745179413857809
ID_1V1mOj_20110306,4.016825686757293
ID_rXoAAe_20200915,2.169130351718472
ID_XIthjs_20120316,2.9610260013383822
ID_FJqilc_20200211,10.080091186170046
ID_RCnHdP_20100513,1.2176941526256806
ID_ZNurt4_20190817,0.5144639681695362
ID_5OfbQx_20180825,0.7697076428469591
ID_NNIl2v_20200611,1.103335138146233
ID_HdaFRF_20150512,3.130627986076047
ID_8ayQOf_20220828,0.6729716026653023
ID_klfRru_20131121,10.452205657973758
ID_TXGl9s_20230223,7.147344319199743
ID_WxTDhF_20231126,2.394640370945032
ID_Fl8hBR_20130407,6.456123043817337
ID_MNSHiV_20170118,6.496086613912556
ID_vSuY5t_20101015,5.998041730966541
ID_13aUBx_20130131,5.32924465189241
ID_XI9gkR_20181227,7.180632464816717
ID_ePjNqi_20190930,3.031349558217709
ID_ZaaGOi_20150309,5.179951240630395
ID_FSaRgp_20150310,5.981400130183949
ID_G4Kc3R_20190307,3.9826497825970115
ID_bd0wns_20171013,6.847236648468199
ID_ujgLUY_20180608,0.5120764273979742
ID_zUVmas_20150217,11.337068688099894
ID_TooYJ3_20150516,4.771941161358168
ID_Netsd7_20170810,0.5668822777092336
ID_wrS4gV_20180523,1.2687582652630252
ID_w9Kx5A_20170228,6.633873563726748
ID_vzAEjy_20200222,5.126150409625733
ID_owKhaS_20200104,4.468527953090068
ID_pFnlxv_20160428,5.287201292468978
ID_m59oGt_20220928,3.284365171633612
ID_ig8tyw_20110501,6.3127925723161775
ID_Pwr7B4_20100420,5.660315315237423
ID_0glZRq_20160604,0.5460519771240671
ID_TS2bRk_20110507,10.795033810443629
ID_LuhemH_20160422,11.226059513418605
ID_0xNFWY_20181224,3.5606152155052637
ID_rRhZRT_20190623,0.5090290925098161
ID_GFfJt8_20160706,0.5139968709731123
ID_3cSc99_20120227,4.107056147122275
ID_8gEk3q_20110303,7.604653263516246
ID_lo6Mto_20141113,15.754190044990365
ID_0GtA2m_20190403,2.576481417009491
ID_a7eMhE_20120113,4.84222194913
ID_VoZgCx_20141018,3.3544605722136263
ID_eTD5mi_20150815,0.5885334492938797
ID_9ARfdu_20230606,1.4477431225049537
ID_STvSqk_20191011,5.415651368041601
ID_GKRRPi_20220706,0.5105119534576597
ID_SGK394_20150616,0.49413357182008394
ID_NTCRFE_20111213,4.10949932524262
ID_Qj20ey_20231223,4.830272558578304
ID_jMYpc4_20160913,1.0279052461478542
ID_8nMZ65_20170526,3.8082170651944223
ID_nDbrLA_20120322,6.204292979433289
ID_fMmotn_20220224,6.19361610757667
ID_ooPgTj_20121022,6.861170439584109
ID_Gr5dCc_20110919,2.405434983799865
ID_QaSDtd_20120314,4.299897765386406
ID_mdH0o4_20160424,11.286060113216664
ID_xA4ZdJ_20190905,1.3089991162836339
ID_CgvMIU_20210406,5.771354978880511
ID_E2DrD3_20121231,7.913948405944594
ID_OXadis_20150826,0.5364495190423759
ID_UCrrmZ_20170516,5.736462623749478
ID_pk8CQV_20150221,4.479035980888169
ID_Wog4P4_20181205,6.744825128150824
ID_a3COYq_20111123,9.882941910564039
ID_fZ09tO_20140531,1.2885464465074705
ID_cYATAt_20190630,0.510004278987721
ID_al4spj_20130427,6.270785620501439
ID_ALh0MP_20110219,6.973570220305461
ID_oT1ZjP_20220109,9.486074973347714
ID_9Z2Yu1_20220127,4.703039589371574
ID_jvLOMg_20210108,6.410802634523145
ID_i5vEbZ_20160309,3.6896478170791056
ID_slohHz_20221014,1.9276395184889485
ID_2c3ocB_20110710,0.6108478723525029
ID_87hxeN_20110314,6.869545792145153
ID_zgjFgA_20111018,5.839611553893031
ID_XLUuR4_20140123,6.715498992376927
ID_aPIEMV_20221110,14.181186268860083
ID_7sLMTc_20140831,1.389335260410011
ID_4O9Kq6_20211228,10.1224370524027
ID_phwHcX_20101018,5.7361466302188875
ID_EuSnb9_20131024,4.400540642142007
ID_g3q3ab_20220621,0.5806725908885478
ID_QP4GvZ_20100910,1.0422294353185637
ID_jzsFuB_20180717,0.5670114170547071
ID_buHvYQ_20200108,6.290294837932031
ID_7Qx92a_20101217,3.352757068611032
ID_swwXHH_20170307,8.356123965541741
ID_lChsAi_20151023,3.4868923592280434
ID_IDp1KS_20110403,6.915934107241945
ID_K2jLDs_20110629,0.5918103390633895
ID_KV5V49_20100401,7.140854508666411
ID_ZZ2tH1_20170119,3.311596420530885
ID_mBKGaS_20231128,3.37193652969204
ID_6SLN7H_20100127,7.8599083739541165
ID_Dui8aB_20100701,0.5328768885714052
ID_vGi9Fi_20120608,0.5401102846164001
ID_6zpXC4_20140803,0.6996152792251766
ID_ubOtZ4_20230224,8.526382876868793
ID_G0hQOq_20131207,8.683270473706338
ID_9bGSfk_20150107,4.0305591993350935
ID_lRDLmT_20140213,3.447348840816298
ID_7PW5YQ_20200517,1.4446919810857213
ID_tnoTsx_20180719,0.49338833990711833
ID_8QgyrB_20190408,3.7306473961253914
ID_ygC7Bz_20220129,4.607529246456591
ID_tXrbD8_20220303,6.535351068277295
ID_lB9Cxd_20230402,2.8284585038851766
ID_6NLSKv_20230901,1.2534445954014153
ID_nkF8xS_20210129,7.614732046111788
ID_ZWV3jT_20100311,6.4310034149267965
ID_asyhYv_20200623,0.5029123783888148
ID_JkPGXK_20231004,3.2799632216552164
ID_dG4kja_20210518,5.24564521994802
ID_LBT93n_20120827,1.43127916500086
ID_YdDjWO_20100723,0.6803949454852866
ID_1Gpjk0_20150211,2.609097931233512
ID_Xc7BsQ_20200618,0.49545515997170336
ID_hXUoda_20190125,2.836775863327963
ID_xQZECW_20110123,6.155986042735358
ID_ORVvzm_20130320,7.656636839399416
ID_VskBkB_20140520,10.554340421817175
ID_f3cg0x_20170319,8.388776762526104
ID_xetu64_20160125,4.372301222620029
ID_DXXs09_20120311,4.5510481872038735
ID_MSN7JM_20130425,4.578107053179702
ID_fRvIRb_20100810,0.669660450676718
ID_saYEaz_20220927,1.9025293119123288
ID_ymN3qR_20141003,2.042733221072119
ID_2krz5K_20211227,11.564544259700336
ID_cNKlpf_20130415,7.509784013825815
ID_0kDub9_20230615,0.8783972338336477
ID_n0jEqD_20201124,17.47599790516776
ID_H0szt9_20191205,9.448234044172494
ID_Y4Lg0C_20160627,0.5163624822356802
ID_gTgFrT_20220912,1.0622144862156992
ID_aDvHXo_20100627,0.6212551992090822
ID_M1IH2C_20210401,3.0197712897450444
ID_ianegv_20111020,5.736482502934182
ID_HRfm91_20160316,6.698508343905337
ID_9eYveo_20221128,13.721164393984498
ID_xYEWif_20151117,3.691778970228769
ID_vhfNMZ_20221211,3.4907374465053334
ID_przlLD_20190203,2.915374446857328
ID_JHtN0O_20110917,1.2210650006682369
ID_cRYdOw_20230807,0.6395156864512838
ID_OIHgBa_20200927,3.109097527832963
ID_TIDujq_20170201,5.587493423048358
ID_dXAcZ8_20230730,0.6787731365879568
ID_9WACmP_20180915,3.1908766378605202
ID_IwSnNt_20111115,5.812076584017719
ID_DByn4L_20190815,0.603842462239766
ID_tL5vm7_20200309,6.524897936384814
ID_u8mysa_20230825,1.41621590422815
ID_2guv7t_20120313,4.491446632699377
ID_wOtEC7_20120514,4.598716893157974
ID_cJIXDd_20191105,6.258496485275594
ID_da7bZJ_20210601,0.5390811396520834
ID_0gueBK_20120117,9.00139470962632
ID_xqvQh7_20230328,8.32755120690502
ID_LXPXb1_20100808,0.7219861170364763
ID_H7OZUT_20220105,3.7764234807779604
ID_vJ93yB_20150629,0.5123903260072008
ID_86wYfc_20110806,0.6372577635047035
ID_0dYXjg_20180918,1.6076537913977227
ID_DgvITf_20170304,2.520064115561671
ID_H8XiOo_20100213,5.266742370305289
ID_pJYYRW_20100730,0.7238511284286433
ID_72xUA9_20120422,6.525269219599376
ID_5kkF99_20101221,5.292394764833931
ID_e3xWUE_20221031,24.204485019288327
ID_yU6G7j_20200118,10.22830549683623
ID_HUfk6m_20170704,0.4988163476313755
ID_nYAdFu_20140331,8.746289984061546
ID_Iiv5Jk_20110103,6.060061495918461
ID_9ES2kx_20161210,5.140700747046395
ID_Pu0EnN_20200914,2.123804439738263
ID_oHeIaO_20170914,1.9113879407725727
ID_MAmGra_20100516,0.9940962137294215
ID_1VsDkQ_20130716,0.4921059537468492
ID_SKeVyO_20100217,3.7093701025552117
ID_g98g66_20230908,1.559447861158191
ID_Dwki51_20210907,0.7908392849964057
ID_5RJlWB_20151025,2.457889163652779
ID_1SC5U8_20230729,0.6711706331450199
ID_jqF23X_20171205,9.09162131333392
ID_s1IV4V_20190602,0.7144730039631357
ID_NkJARM_20151124,24.019828620178394
ID_7FQLsL_20100303,5.311425370814619
ID_eRZhI9_20120102,5.8233241452664775
ID_pXoSuT_20120105,6.159217545670762
ID_TFi9lr_20100406,11.977751923982405
ID_ELloE1_20110424,4.381564000095292
ID_tg3AHY_20220403,5.429926065226629
ID_2BJOnh_20230824,2.188355185335168
ID_xq3zDt_20150323,9.366875595218922
ID_mti4Kc_20230728,0.6435538327208528
ID_qQEtXW_20210808,0.7027154496589296
ID_SXjPjs_20200106,5.1821739656617005
ID_iu9M7l_20120104,4.8041478870632215
ID_LKwu8O_20191210,7.05774779211158
ID_ahYKtF_20101119,2.360474996331515
ID_ADGruZ_20130419,8.52708921876631
ID_wat3J9_20220920,1.1857009601071369
ID_jCD2pC_20160528,1.9417915342368537
ID_WPOGC2_20150206,4.377695979876322
ID_OvHzMK_20130814,0.5072870578719662
ID_gPiBgo_20140918,1.4527361625872437
ID_zjSP0o_20201031,19.395360319471294
ID_lq7TIg_20210308,4.634782464876869
ID_LTsKBB_20130412,4.126227267172779
ID_hTkQFg_20101019,5.891330068927838
ID_cTnbSX_20210719,0.5879682794521802
ID_Iyj8Uo_20121029,10.601465468916162
ID_Ri2LBD_20110618,0.5080963443445762
ID_ZBp5QD_20140711,0.5765980506301822
ID_iGZeZQ_20200114,4.775181039259033
ID_7mZFdv_20191221,13.993077273273906
ID_H9NYqr_20141120,6.899975575459696
ID_QScSN1_20200817,0.7792682875755209
ID_RqyIoY_20221212,5.507809952498318
ID_xxtOXE_20140729,0.670442209259462
ID_9Qxw3Q_20200323,8.834077796688563
ID_v5wwi9_20110305,4.856624370414823
ID_cKhMts_20150406,1.1080784521463563
ID_GDb8Ys_20221106,8.003023547763107
ID_JZ4xVX_20220812,0.608944282470142
ID_mNaTp5_20170720,0.6281469064052391
ID_9Axnqj_20180701,0.5538720627384657
ID_ZoKzDh_20120408,4.887362348045362
ID_fU0CRw_20210508,10.657268182501737
ID_tJB5ii_20170713,0.5240169684421592
ID_uF5v3g_20170530,3.564166089582123
ID_7agrzC_20160101,5.893358994890092
ID_pghYcw_20150915,1.0719295900110137
ID_8fYQix_20160820,0.76692172350033
ID_b76D9v_20140324,3.704476865012923
ID_I5uA4y_20170913,2.715960444267747
ID_hXwAh1_20220904,0.6653032572791291
ID_WgeZ9N_20231013,3.137559979796555
ID_w7vf54_20210804,0.6549720577259945
ID_29IwwW_20191016,4.795667151210087
ID_dL6bLm_20140929,1.4422766200526111
ID_MrjnIY_20141007,2.9659638774237287
ID_EWjEqR_20190427,1.965825892957085
ID_Ub0zwX_20200515,2.6572853131695227
ID_qQJ3hh_20211208,7.9018614439124315
ID_E9bSo9_20130626,0.5613116985617254
ID_7ykD8w_20160609,0.5846409034273437
ID_rnRsOl_20200613,0.6731908282040066
ID_RQHexb_20221206,8.909804577576796
ID_QggJQj_20200703,0.6664614799406853
ID_xRx83x_20120921,4.25784715644222
ID_rV5Abi_20200704,0.5097970927129654
ID_1BRJQ5_20230326,8.374013206922765
ID_1LyP71_20150428,4.602286978549401
ID_fRjzDm_20180225,10.086015248412487
ID_FmirK4_20200422,6.4502069998756575
ID_LP5xQZ_20100312,3.7666170229452347
ID_WhS3EL_20121031,13.173679966087395
ID_6Ngsg9_20130506,8.6241248188847
ID_R9AtKc_20210930,3.663444650947901
ID_KjvBAb_20131205,11.724002199981344
ID_LwRmHm_20190502,5.030981494852375
ID_sdlFmz_20150114,2.937492549954973
ID_DNVMWU_20221002,4.277042466701582
ID_YajFc4_20230203,3.91522738602766
ID_IddZoq_20200904,2.9559488121464046
ID_VLTTRh_20120626,0.5392659852941222
ID_1mk1Er_20210325,15.288865415748992
ID_XzjLRF_20140314,3.1279709846975132
ID_mdIoNU_20150924,1.6853277701455907
ID_NYSq5U_20130516,4.919868262106535
ID_lt22Ny_20180630,0.5724393351075773
ID_92Gfvk_20210715,0.5061059572374991
ID_RPqYMf_20210131,9.986037183948302
ID_8UVK5X_20220616,0.5415721707563147
ID_vVBDxp_20210312,13.59663146264927
ID_4aMdVk_20230301,3.4977048606050793
ID_LqXKgK_20190416,2.9554537267390915
ID_YYkard_20211225,3.3200470721502255
ID_PIqkCA_20230208,2.4373394487376636
ID_vLuOSt_20181127,9.702880973403923
ID_yUO9Vk_20121123,7.683666384951636
ID_6f1wAo_20210530,0.5550273755427325
ID_6GtuTS_20161028,5.002321847332935
ID_scYhjf_20131023,3.676186191142076
ID_Xa34fv_20110117,4.0323475193794005
ID_UfEghG_20121122,6.205650500616539
ID_1S1PHI_20140902,0.6468539705026708
ID_lOF78R_20160201,4.232150820174643
ID_Kvc4xt_20201110,4.732890151032956
ID_WLfy3x_20230124,4.243556512225949
ID_ZddUcm_20230802,0.782732293886891
ID_hpIZoj_20130304,4.729563578684694
ID_ahp0me_20200512,11.610505718871158
ID_cX0udg_20170405,4.668044113146156
ID_ZlYpp9_20100822,0.6275505785448754
ID_6ErnJw_20190822,0.7266734496970899
ID_hd9YtI_20121230,8.162136598663214
ID_ffWxEv_20221015,3.3027885779691095
ID_GPjyRm_20201130,3.5184459311243694
ID_E0DZQu_20110926,6.253042474518351
ID_A5SFZS_20171030,14.98557195901216
ID_kxOiVH_20110220,3.9175386548300555
ID_N3U1Pi_20190202,4.811078464578516
ID_JgHEtJ_20190113,6.168604306205516
ID_434akE_20130106,4.077027241983599
ID_S0nJ1N_20140923,1.9694038646288057
ID_bsTqLL_20230104,7.318918985367891
ID_sQTeP8_20120428,7.344943443350434
ID_ffiT8s_20190507,5.47828647344849
ID_cJcBK7_20100118,6.525475909514174
ID_JbHcRz_20220513,4.592997416915675
ID_CDUz0E_20160215,4.795341027994988
ID_Bcwj6T_20151009,3.7294530590765484
ID_18jy9F_20130717,0.5167365760244176
ID_AVtUtX_20110820,0.8200786086936441
ID_qSlmeB_20131029,7.1173054711749115
ID_bYGqCG_20170903,0.861872744445836
ID_OxQH3S_20140307,6.921022165560988
ID_6V6suL_20200407,8.89933194113423
ID_jhfCNZ_20160510,4.795382422972189
ID_dlFxV4_20230607,1.457343194483387
ID_iCjkFm_20110107,5.919341387464355
ID_qOLEms_20150927,0.785243147050684
ID_6yPWd1_20220411,2.8886264830420623
ID_KYsDgb_20111015,5.855217689576444
ID_FsHxWt_20110822,0.7128173618499085
ID_bZKhKi_20111108,8.460017235048793
ID_21d7HT_20100827,0.5294055979330634
ID_Tvr75R_20201126,25.95796755385348
ID_yPU4Ez_20160911,1.0612816063834574
ID_RYdYAz_20121118,12.507772738602863
ID_UPYV4M_20120822,0.7138565747388539
ID_r7bhNq_20151001,0.9758582413820825
ID_aV6PUX_20100317,6.4391517086434416
ID_TQHuaJ_20151006,1.7617286266037535
ID_EtnMas_20170427,3.83792649358673
ID_xkLKJF_20230923,2.251519682591374
ID_tSoN1K_20181213,5.1156121149591485
ID_OloZek_20171203,4.47358869216561
ID_4qdfgR_20191012,4.319605260858758
ID_fPHJ5t_20120411,5.9405736837125165
ID_jbUiaV_20200729,0.5289248821499976
ID_bhWMwE_20210716,0.5196418284729407
ID_jh5QxV_20140313,3.232902264959983
ID_EjwvhD_20211201,8.038528084676297
ID_pexMbR_20230325,3.0497498120378945
ID_Ri54mX_20180103,2.6398330599288515
ID_CRygU5_20100407,12.16140410384878
ID_9rry4F_20170213,1.9882071825256094
ID_O6XKPr_20150215,2.519102088499927
ID_HM1z8N_20151205,6.674518940660285
ID_h18pux_20110914,1.1717713205682796
ID_cpK4AM_20170331,2.796520270445549
ID_SAx6KD_20200617,0.4995842656503849
ID_63KKxc_20110721,0.5078715347954075
ID_4RzExk_20211019,6.857542019710971
ID_e1NbF7_20230814,0.6176784958615008
ID_YVbGL5_20120119,4.186063159091589
ID_bOdAr6_20151017,4.003198239138387
ID_WgVLej_20100221,5.564994647008149
ID_jCddkG_20231010,5.959908853984904
ID_hdPWfD_20120612,0.499404401060881
ID_I2cTxB_20171022,4.987942517719221
ID_HDj1LZ_20160715,0.5045256912804446
ID_qWMBws_20110619,0.5613003116783654
ID_fMtEZt_20120116,7.1922779267773
ID_FWccqQ_20190308,2.843973439221864
ID_ll26d4_20201206,3.750125144694199
ID_tbo1KR_20110320,4.14015420100783
ID_62vbLw_20160401,5.4104182586963905
ID_VVbc7t_20100715,0.5439583878753418
ID_XZIy9i_20140315,4.152957957250196
ID_kELEd6_20190428,4.461891245643436
ID_8BqsnW_20181214,4.839285549096832
ID_NfiFUk_20200815,0.7433763773897615
ID_hZO7DZ_20180829,1.5930803925819619
ID_26VY9c_20140503,11.168623687643613
ID_tBC1LI_20220218,2.3963342393993035
ID_jnRxJm_20230918,2.902149086788598
ID_vv9DZb_20180603,1.336547771813692
ID_jPPXaY_20200920,3.0626258795341155
ID_ZuuG3y_20111007,4.240007266054521
ID_tYtozo_20120720,0.5829012769055351
ID_dMI9Pk_20200221,3.0060557503015
ID_aj8wIc_20230423,5.485901475325562
ID_JoxH7G_20220502,3.069677362863009
ID_EHFp1V_20100501,9.019580835075901
ID_3KcdUV_20141019,3.5467517548376994
ID_17mROR_20130823,0.4927609820637926
ID_YLdcsq_20230502,3.936263517236499
ID_YIyJq3_20230911,1.6062967996788742
ID_10jXM2_20210310,2.7936422116359116
ID_jB6BwK_20190316,6.179929747991002
ID_fogcVd_20100515,0.6120273303091063
ID_X40rrr_20170129,8.868174042938756
ID_fHtWKF_20211116,8.486506385397306
ID_t3OvLi_20140915,1.2965932364580866
ID_w3OqPo_20230321,1.8953091000847537
ID_3Fk76Z_20100704,0.6648956719786645
ID_Xhtu4s_20131128,4.469604252456206
ID_6PzqDP_20141122,5.579284877055505
ID_TRoFHv_20110527,1.5949607930003342
ID_BrehgX_20160924,1.8311450358607928
ID_PonW3a_20100304,4.583099445802304
ID_YIpFvh_20190119,12.15174855667369
ID_wYjIVL_20170908,1.020722360938774
ID_lKa3eq_20200911,2.895821893165796
ID_pTAZIJ_20230130,5.35995047749916
ID_7xB3Pw_20210328,5.331703318495643
ID_LhHeMG_20100909,1.4828306316412108
ID_mFM0sb_20110918,1.4607626456847953
ID_dX3P34_20220217,2.200415722810523
ID_gNg5Pt_20190201,3.9612195557954974
ID_8IwyjU_20190916,3.4910286574284166
ID_Kjc5FS_20180729,0.793742427513928
ID_snPdo1_20100503,15.314129909194365
ID_52wPFF_20210821,0.6050488154669074
ID_sZQybw_20190825,0.7313375060869312
ID_qkF8GA_20201024,10.989154399846512
ID_JGbWjC_20170124,5.393318092809439
ID_MPFAtz_20130705,0.4928319906482552
ID_UmBQFO_20110722,0.5338653126924583
ID_gcDmnD_20190910,0.8564714340094622
ID_SdPeN7_20140125,5.203841039850346
ID_tGoFaM_20230408,4.519909215021229
ID_q3Bs9a_20111125,5.991343348733979
ID_heNSCY_20200210,5.282255425679045
ID_Ytz8H8_20141125,6.168824774872229
ID_XVovMe_20121026,7.089231656327598
ID_MfByT1_20120506,8.218705258666787
ID_p249ap_20200712,1.1402486817345223
ID_8Y8Pg7_20220910,1.0457424803262008
ID_V0pvpT_20211020,4.565878780645091
ID_s7S3wh_20220627,0.53367715257793
ID_eNjHeT_20111222,7.4733985591061245
ID_WphGGm_20221125,10.401507647925905
ID_s326C9_20180429,7.306900929634502
ID_rNPQOo_20150430,8.375389578113452
ID_zwS8Ro_20131106,4.871181298921329
ID_KeS0Pq_20190319,2.3162428551889716
ID_pnd9R0_20110826,0.5146486291006809
ID_ln8GCV_20211124,2.3487034842035452
ID_xfpTRp_20130729,0.4977716873349315
ID_FDFenO_20230916,2.860936136105977
ID_PMm5qD_20130913,1.303234862654304
ID_3dyH9O_20161126,4.089435597328176
ID_RMYIhf_20220426,10.06056719643228
ID_d8srVt_20101115,9.571920285890902
ID_m0FvIy_20150725,0.5474441257223844
ID_3AYMzS_20200226,14.528350493340016
ID_9mES3U_20101002,6.3506649842881115
ID_l78djf_20160716,0.5301611074557933
ID_MXBLbY_20110704,0.5133362505970127
ID_UoRsDL_20121121,11.009922040028496
ID_5r1LWk_20210502,6.883372779216873
ID_edKQOu_20230915,2.0612385280022845
ID_sWpAVe_20210208,7.301497592004754
ID_8XlQcW_20110829,0.7402558050028408
ID_0ZTMyG_20121107,3.6666306460600913
ID_xW3tKE_20110612,0.5256473783946047
ID_hua6MV_20180622,0.5589489442544392
ID_12ErfH_20190205,6.00785264817737
ID_tJGLiD_20161208,4.460084744666556
ID_89QzJy_20120409,6.1361215818381964
ID_GqSCHk_20201112,4.388116252765142
ID_rkllUC_20230709,0.5370275454147269
ID_mJ4Uma_20150520,4.753703088977642
ID_RXozOJ_20180726,0.5244808824927572
ID_VKSa1l_20101026,6.668695477313658
ID_51v95t_20100310,4.782537037187664
ID_2fEMce_20171216,5.626494724291915
ID_u5io9X_20230714,0.5662891445789253
ID_XJFEor_20160319,5.512685535471257
ID_Ceh9aK_20200923,3.116961096091289
ID_N3sO7X_20220809,0.5270117633019031
ID_2IB98f_20140822,0.5402528676568435
ID_WiV0fP_20230513,4.228377552093757
ID_McU3Ur_20100531,3.567220132199539
ID_VplDJD_20120127,5.564085111229382
ID_O3jtcU_20200621,0.5627013075454638
ID_8myReV_20170211,14.31578083691671
ID_SBdTmQ_20130319,7.719383174246511
ID_kU4mJj_20161124,4.030742115255941
ID_ccoKq6_20210904,0.8620295787829546
ID_NFTVHZ_20171130,21.149922986580364
ID_kFUpBB_20150619,0.49306669376860895
ID_8tOOxT_20110112,8.15633582789069
ID_6GqKVD_20201223,6.519822769515884
ID_ph2CK7_20190605,0.5366680112738587
ID_l2BJQE_20120509,11.698693952638097
ID_kccjyA_20230311,8.654012783507484
ID_er5wbR_20180312,3.8616355979697516
ID_AwGs0T_20160902,1.328295448311648
ID_GLEar2_20121007,4.884414619941122
ID_WUkhG0_20110114,3.166057791584336
ID_lb9rdX_20141014,3.662616482399709
ID_eV7xN9_20181020,4.556403532842999
ID_CYnVxe_20130615,0.5190679910208432
ID_QQ6bjV_20150716,0.5096756703732912
ID_MAOOPX_20210201,5.456101084245546
ID_Gusg4S_20131209,8.11375074840195
ID_9lQxjB_20210714,0.5102662859181527
ID_DINTGO_20180118,7.943079123502173
ID_cGHbB3_20170125,3.3346612958357165
ID_b7fOki_20180212,3.367828834984415
ID_LTnin6_20150517,6.614678501985179
ID_ZWmWZS_20160717,0.5338807882951215
ID_6YAFLg_20131227,5.807980599309854
ID_jtIRab_20120305,7.479791547383039
ID_8Nj8GQ_20201022,7.84212153049725
ID_rW0g4l_20120421,7.420211682723227
ID_8pM9Hv_20141106,14.664966080491102
ID_0NW2KN_20200902,1.9182861779047333
ID_6qZZky_20100625,0.5174370359755063
ID_xbHRcc_20200724,0.5554628429642678
ID_LN833A_20171121,9.975254383277823
ID_l6S4EO_20120716,0.5636955415195891
ID_oScrLW_20191128,4.384135991368883
ID_Ij6Dr6_20100215,7.290318682274158
ID_PbCoAZ_20201202,9.711843845717302
ID_g2KygH_20180202,5.9808490494708
ID_EMQkZB_20200612,0.9758934291369433
ID_HISLfi_20230611,1.174160568914966
ID_ZOsl7S_20120615,0.5624301678623199
ID_hmDXn0_20190903,0.8690487663709809
ID_wJq0rc_20170531,1.9796063713499554
ID_0NVGeB_20220930,1.223163878898319
ID_9wobPb_20150302,6.7916186572636725
ID_mjODZX_20220118,4.08959754282526
ID_VFus9h_20151029,2.9549020908102084
ID_xp50i3_20181208,9.07164026770104
ID_Gz4dUY_20210910,2.890808849700764
ID_hwFdKb_20161224,19.54328247913621
ID_nmv7fG_20101011,2.5539600030347644
ID_CsI3Gg_20140724,0.6458089098174636
ID_JloabL_20120929,3.389568136385167
ID_Zo4UT3_20220404,8.413882366925131
ID_SFKXhj_20150308,2.9565484748436077
ID_SbZNqd_20210707,0.5739519718716966
ID_jM2Mao_20130907,4.5269311484767
ID_bKIxD7_20180623,0.6012189002546137
ID_0RgKZv_20170923,2.660778773923221
ID_7FOIP4_20140407,4.538357713832458
ID_KUuBWZ_20151019,2.220124814993063
ID_RSJxOi_20151214,5.493635686361594
ID_iMGAMm_20130520,4.398872606523039
ID_25blRS_20170507,7.415544280351135
ID_cZwe8i_20230305,3.989570383626999
ID_7WHQuP_20220206,5.540673568171128
ID_dAypcI_20231104,13.74402858050321
ID_r4zlCk_20180403,3.1882328084815157
ID_pkc5aa_20130108,6.047531959414719
ID_mdLzKq_20121115,11.71731202318096
ID_MEA1Oa_20221008,1.7077015512553717
ID_kJ7hL2_20150519,3.7893540330408335
ID_Yopv4t_20140605,1.2877406245410592
ID_J3K49P_20150106,4.548246222694303
ID_jj63MM_20100410,7.01491773082801
ID_YZtXuO_20140621,0.5553092182705059
ID_83g20G_20131126,3.8043212935352306
ID_XCBQE1_20140111,5.424215943787303
ID_2k6xl0_20140725,0.6033764103725924
ID_H5n51o_20101218,5.9840617925391335
ID_jWR3TU_20171113,6.249513840631524
ID_MpQcPF_20190219,3.444508094125534
ID_B8AG6r_20160217,2.5317292323759246
ID_lvRyZX_20121220,12.208870554848419
ID_bVEZw6_20111220,6.118510963575483
ID_8QBnWW_20210106,8.026760215722813
ID_r8SKCB_20210703,0.5011338227479226
ID_p5IdFN_20190518,3.3019866882026188
ID_uF8lzV_20140706,0.5478723558347938
ID_gsDC3w_20101105,10.183610319302858
ID_czs2Ff_20151223,4.848087009148246
ID_UrzcD2_20120413,4.925129213094507
ID_i7JtBm_20110102,7.748680897047659
ID_9rMHrx_20170501,5.3639261893673424
ID_eO9rel_20181125,4.046515927849445
ID_c8gx29_20130505,6.230605592946688
ID_9uRQrt_20201102,6.646213105502416
ID_d0zztL_20170423,12.524861786270327
ID_CyAA9s_20120807,0.6093004231776429
ID_hgGR6s_20171031,5.022209124453633
ID_xKOQFD_20180826,1.4626320808335072
ID_zEuY13_20100120,4.44954105277065
ID_beyGya_20131204,5.620675296652879
ID_jCMh7e_20200122,8.710977191838296
ID_WSaM1z_20111031,8.633491894110316
ID_TMx9ba_20100807,0.7533031872557225
ID_tC77yr_20140603,1.2849163224742337
ID_cfAOrd_20110315,4.394433229069819
ID_kqBe8W_20200520,1.9033587999186103
ID_OQI58P_20130430,7.8925159886901195
ID_tM46Pa_20220507,5.526349596917546
ID_v5LsmC_20190622,0.5228043197967807
ID_ZdeLiI_20191121,13.883522781668498
ID_1KnY8e_20171217,9.555573948682508
ID_N9vvvW_20160531,1.052022983881851
ID_a4afIq_20200921,3.2591310769982575
ID_PuKHtO_20200411,5.225777267191995
ID_lzvYoS_20121015,3.8247582080422466
ID_sYKEl0_20160622,0.5718958733260694
ID_49QdL1_20130120,7.469319492174693
ID_B3ryMZ_20110602,1.4318357501578935
ID_TYljkZ_20190122,4.0181437317462585
ID_vUW74T_20180505,4.597148758219585
ID_WKAzZZ_20190312,3.246822208113719
ID_bf2vgp_20201119,18.7051284347162
ID_469QnQ_20150115,2.6788621240740027
ID_idLasu_20190627,0.49793145405367806
ID_4eh1vI_20220704,0.5055961389566108
ID_HgyADN_20161012,3.4024058441737455
ID_MNYloo_20160206,7.735634991789093
ID_bgrFCt_20150216,2.094184545101763
ID_ttTcVI_20120130,6.22926252336413
ID_jpf5xB_20200528,3.3949544861828467
ID_NW6M2N_20191208,5.801460843154984
ID_dnFwzT_20100803,0.6610563472529201
ID_z3Volr_20200601,1.7828685796360657
ID_NT7RQC_20160131,2.9411445361069273
ID_l49L4C_20220409,3.306246702057268
ID_eiu84f_20140208,6.0743930764004705
ID_VN5qA2_20100716,0.5467071646028983
ID_kvKDGJ_20230315,2.6378537265132813
ID_DFsj8v_20151125,14.205169834895353
ID_gEjRcB_20220210,5.984838017643158
ID_v5wuPt_20120606,0.5881985073527188
ID_PThXpI_20150214,4.836592351974506
ID_7avgnc_20180802,0.5448066910206169
ID_t71MR0_20110723,0.5058705776912152
ID_vgbHkj_20200625,0.8183990171788482
ID_Mk0McR_20140618,0.6799072339361001
ID_liWy3W_20100520,0.5798741401340134
ID_icK6cn_20130815,0.4954006877226233
ID_ft0QYS_20140414,5.741821751210836
ID_IQ57xK_20211104,9.990953600535171
ID_tAJD93_20110409,7.0662564133043215
ID_92SQzw_20220708,0.51907393533163
ID_Lmr18o_20110818,0.520080460707669
ID_fWJzDq_20170513,6.133496927803948
ID_WFQh3F_20110327,4.590632301369571
ID_2Zo3fR_20180831,1.5327223817837368
ID_eHPMD4_20131120,8.069759959635459
ID_Rnxwj3_20181123,4.1178109183623635
ID_KOS5lP_20130122,5.1132349264739485
ID_9Q1KDR_20180703,0.5144216089517069
ID_yFDAz2_20190516,3.1081845001980373
ID_F7wIHV_20140319,7.869717559543682
ID_sZH6Jy_20110328,4.130004509956326
ID_YREbcN_20180606,0.5140808918172561
ID_rB3knO_20190422,3.8350213820790606
ID_q1tVhP_20201209,10.070282860882921
ID_wrjj0R_20230212,2.9819970739023773
ID_63Z07Z_20120926,4.185279554996711
ID_Yldb0j_20200109,10.851805536773107
ID_U4m3HA_20150923,2.3788560560243104
ID_pf1dLJ_20100712,0.5372405474219126
ID_oUP8Zp_20201011,4.8621519181422395
ID_9xgV4b_20210918,3.293080586909669
ID_OFM9lE_20181218,5.529723451521525
ID_dyEvh3_20211108,2.4719107580633546
ID_2SQy8i_20220525,1.3274656363207038
ID_7oQKy1_20210615,0.4996401234279952
ID_NgOSu3_20170510,17.464100678484883
ID_YQaaI5_20150910,0.8582016403813847
ID_g6I6A5_20141224,4.527659114619182
ID_JqXGF5_20191229,6.8102793047269605
ID_JRmrG0_20211001,4.639012086913082
ID_7WB25b_20190504,3.7088414429213463
ID_WtqDtk_20230118,5.460302916488805
ID_cS5UUr_20180725,0.5032762518118684
ID_092ZqQ_20210806,0.6613299157791591
ID_Zb2OCv_20141006,2.008122709579757
ID_NM9a8z_20170325,2.3947124743305
ID_hBXDY5_20231009,4.485358136065008
ID_1IuBkc_20100711,0.5267142711083375
ID_QUIsNO_20180809,0.664803298799916
ID_1GruvR_20181202,8.7684099050713
ID_fBaYlO_20170706,0.5859072450390005
ID_NhLbns_20210422,8.633774332815872
ID_aNvc7u_20171018,4.22705433947028
ID_CJxJA7_20130719,0.5979814462159017
ID_MIW5tv_20220103,5.591827032441683
ID_Unl5wJ_20141005,1.7983906590989638
ID_e3AAbq_20150419,6.446795332341123
ID_oVeWce_20200702,0.5963866988072108
ID_mLkGCy_20140404,5.474193671312588
ID_eAhZ64_20191017,4.143120669553155
ID_hh8Hud_20101109,4.038993483392687
ID_T6hs9n_20160430,7.46156466575081
ID_GYLPRa_20100616,0.6125409997359403
ID_WiZ4hP_20140927,1.6794492798461584
ID_ZC96cW_20130923,2.3097637760367307
ID_le4Zgu_20121021,6.933988080108993
ID_WhOWY3_20140403,6.663845493154428
ID_tkn0dX_20181115,20.898700325032927
ID_yaEyVt_20170714,0.5279468874900183
ID_0ho5pC_20180626,0.597230126485323
ID_VzQiLc_20160107,14.500319990693981
ID_yqEOiw_20180707,0.5014580397247886
ID_SLggOs_20190717,0.9115744059011301
ID_KAOtno_20151115,3.9502231330799176
ID_tZwLNt_20230530,1.5813754761465537
ID_wOtFme_20131219,3.1022561886467273
ID_GKDq13_20190606,0.5062745541836496
ID_BrMXZc_20100602,1.593821715577649
ID_5oRpSf_20141124,11.168260662966023
ID_2IZ5C6_20170417,10.407786891696237
ID_zKrD86_20230219,2.7284087403659028
ID_qfXioH_20151012,2.1470170011170637
ID_csVtcQ_20140513,6.877429309327415
ID_I5m8xl_20130614,0.5017706476132638
ID_rVAorB_20160630,0.709650936826296
ID_vqowhf_20180401,7.272592381022536
ID_fJfmHH_20200322,2.5655464974996938
ID_iY6DA4_20230705,0.5790276201125377
ID_XlXSAi_20140117,4.5982898245785
ID_Zj7bfu_20140830,0.9934077044023539
ID_wxAZmk_20100201,6.1484503908394865
ID_u0IVjd_20120726,0.49318815611953587
ID_RbUNuS_20230625,0.5085949647882286
ID_hThOlq_20120123,3.5516825462162176
ID_aRcvF8_20130509,6.378592951020682
ID_N6dMQk_20101106,9.093289477370924
ID_XcrId1_20190829,0.7607245247238017
ID_l5Og4d_20180308,2.395672764372273
ID_QEug4X_20210613,0.5126328898112023
ID_lT4rtv_20220724,0.7719747547598022
ID_38BHG6_20110511,8.23339123863753
ID_2U4m06_20100725,0.7047304566394789
ID_TYVrqE_20130209,8.021477162716003
ID_6ZXL2e_20220623,0.7582796148676731
ID_LnVCY0_20210717,0.5268846244506504
ID_1M9wgl_20210111,6.800125263474289
ID_1cASZR_20101102,4.149656606369799
ID_AiDEFh_20201204,12.294448615295572
ID_88slQl_20160628,0.6166909801846729
ID_s4Yh5i_20121127,3.84043295064396
ID_rL5Ujz_20120423,5.099950436879227
ID_Ni6MMw_20180228,5.74537609464946
ID_R1dBWU_20160624,0.505769786829233
ID_zNe1IS_20100731,0.6888091028579101
ID_X30JM8_20130113,5.3867326564108815
ID_96r7wm_20200913,3.9150132058048532
ID_3tDL5P_20111111,13.86716620119122
ID_KF0uO9_20110720,0.5425583183402111
ID_zNp148_20210816,1.404221944615398
ID_myejcB_20200423,4.871856168630945
ID_B8LtK9_20111112,9.195210973832765
ID_W7YvW9_20100630,0.5125006788027684
ID_aT8pWA_20220121,6.730312691714637
ID_mOkkNu_20201225,5.3250664539028865
ID_arYjPK_20231123,14.540011188369993
ID_mAGNle_20211223,9.226238614184695
ID_GGMdKY_20101006,5.366829500457328
ID_Ymn0W1_20161014,5.406121523086321
ID_xse7fk_20200204,8.506533560528615
ID_dm7tZ7_20110309,7.259643173924978
ID_HN5h4g_20101017,5.601370303775038
ID_JRcJEY_20121024,5.469685661801353
ID_oKkN79_20110620,0.5143791133100368
ID_Ay8vWt_20201001,4.8825486744119635
ID_o0nKIy_20130402,7.726984587239927
ID_L7CPHc_20100708,0.516023098523791
ID_LiJakW_20161209,13.457454561421537
ID_wdkv7n_20111208,6.317596810510652
ID_A1NMdu_20180307,1.32137480676477
ID_Wy5zwE_20100928,3.1342193692241587
ID_6vKGew_20200415,3.179955714976316
ID_uDHXPq_20210612,0.7354862869128599
ID_RLvGcw_20200328,5.3060029013567735
ID_LdTgrC_20200823,1.9927252866245624
ID_3JHsmy_20100422,14.362527461748932
ID_NtBKR7_20130316,5.261185795309808
ID_LQ0PXy_20230725,0.633962789144287
ID_QYRcFg_20100809,0.6309792878408711
ID_gU0JAu_20150321,5.200004680279621
ID_1ka8B0_20110920,2.4890558083600336
ID_ncCrbt_20221124,2.5572438078338906
ID_6vQJj2_20190911,0.8858207812745212
ID_Y8Zg8U_20210801,0.5454709630995387
ID_oEjyni_20120301,5.3698738428549575
ID_oTsubf_20200521,2.9540527249376796
ID_0Y1VNx_20110407,12.312811918557951
ID_jafIT6_20220501,5.703646061880458
ID_Tlw9kd_20110706,0.4979844298441695
ID_pVS5co_20211204,8.388105281784464
ID_P1dHd6_20130607,0.6076187174140472
ID_B0tMLJ_20100718,0.5522482844866801
ID_PiO7e8_20170615,0.5505729223552503
ID_osmp0u_20141214,6.785186109490597
ID_JnLjVP_20110207,12.011336579503265
ID_qgr6Sc_20220529,1.1433689310655075
ID_u4Z89i_20160219,6.727749652652783
ID_tNiMPV_20230507,5.814991083277116
ID_CFIyuV_20151104,3.3358001809947417
ID_BEC1rS_20141219,4.556577947682793
ID_Y9jhAU_20220703,0.5176740937267365
ID_p933dT_20111013,5.1010358663843665
ID_94Vb4Y_20111210,5.279946169309664
ID_NzxvYP_20140526,0.9265513733447867
ID_OXpnlA_20220514,4.650436969148781
ID_kaatE8_20200924,6.045557730297064
ID_lrJpCL_20160512,2.431548902340922
ID_4WwcVS_20210606,0.6168493295536509
ID_Zl0zrc_20220301,12.609760837146743
ID_jMF34U_20101111,8.106419690948472
ID_1wZPD6_20210826,1.3049147356142172
ID_ZJ71gF_20220715,0.5217263864336513
ID_7tpnsH_20100424,7.228851312209554
ID_u0JMXO_20120818,0.7161625240831196
ID_eLkW65_20180522,3.7158363346684533
ID_2jW6CU_20160701,0.7310428027024252
ID_lhYwSR_20141101,6.601456531260212
ID_tOTlHK_20190727,0.5099956839779237
ID_V5zPUV_20240101,5.016302412433032
ID_melxBz_20150223,3.25000402792904
ID_6nc04s_20201231,10.531624314434358
ID_hQe7Lg_20210402,2.761776313339732
ID_1mJsjd_20191102,6.370951792459367
ID_n6Fyio_20220907,1.1956141676491923
ID_b4dMW7_20150527,0.9060560523763762
ID_Cg2hDn_20190217,5.276839612073353
ID_wyE8O3_20150509,4.389680259016734
ID_emoElm_20101123,4.991497303438264
ID_aemiX0_20110828,0.7428620442081687
ID_IqG4W1_20210928,4.879698544396648
ID_yTbaWH_20180912,4.90112037346349
ID_OQqFVx_20210917,4.506482220314667
ID_RU6IUX_20150528,0.8922181618555663
ID_GpzmAL_20131208,6.691775924184804
ID_QVw3mj_20180330,3.822786393438599
ID_IGUY07_20220101,7.092912239354526
ID_ElCINF_20190730,0.5174158555400469
ID_t8Wpgi_20200410,12.841212163698438
ID_KcsRmh_20150203,4.560636498146745
ID_63rf89_20141105,16.36782061606577
ID_sBXIM9_20120229,4.442271291153797
ID_UAKu1R_20190130,13.030623909088481
ID_hanVjR_20230821,0.6842658165772876
ID_homwb9_20200225,3.650542667877315
ID_2alnSj_20120521,3.6595226888159313
ID_BXSbpT_20231002,2.7067959665983574
ID_85iYr2_20211226,3.1995367239266157
ID_FqGOqL_20150501,4.894983834572155
ID_Tr8QuG_20100315,4.677980269959113
ID_ZC5Goj_20161128,11.627655063222159
ID_xR3h05_20140320,4.953755266368873
ID_nVBvSm_20131225,6.172741240930125
ID_23RIhM_20180905,1.3478222224803467
ID_A70BR3_20100403,7.6326285966131096
ID_3QTflT_20221024,4.164125471255506
ID_DwfmF1_20201220,9.640602207630147
ID_iYG32g_20180903,2.201887129209519
ID_ksw44L_20220406,3.995772368806514
ID_udOlj9_20150218,6.778639796770239
ID_RVEdLr_20110510,13.945368559583846
ID_eWYxe7_20190112,6.395985788014846
ID_DeahcF_20160417,7.694179739763841
ID_9QHQBP_20131003,2.949690360550157
ID_0SJKaa_20130310,6.437397882112833
ID_oxzw86_20140212,3.2983303105087707
ID_bSZYX9_20130624,0.5958101463306427
ID_jjMC4m_20231124,13.89901065732226
ID_hy1de7_20151116,7.281034403267641
ID_RAB0ZA_20220208,3.7179183336920314
ID_JKNtcy_20160327,6.4444745497373095
ID_g67rhV_20110911,1.0871597411684
ID_1xt3Jv_20201016,4.501589245691632
ID_PVzT72_20150119,2.9441530939967264
ID_Cipuqi_20150108,4.467582020202041
ID_x2L3dL_20141012,5.78228823748692
ID_GYxpGm_20191219,16.986681837949448
ID_GnRFzC_20211021,6.9072329488575495
ID_QPYm4r_20210215,8.311230361338321
ID_i0OGaK_20200416,5.481407198024453
ID_M0TvXB_20120519,2.586882913488533
ID_OiQqEC_20171028,6.795077413875945
ID_O4hulW_20121108,6.456478752533163
ID_plwHf7_20170323,3.2429930929212842
ID_5yxATb_20101223,3.776346461644234
ID_lMzjZe_20130308,9.245733326562947
ID_mnTzwv_20190222,5.5774098256033895
ID_T8f7IM_20130828,1.085421565711385
ID_7Kc4tO_20150521,3.8067925133655303
ID_KiOTLq_20141103,4.325864116754468
ID_oJ8Ftp_20211112,2.4563909700075945
ID_zBvfon_20180311,4.550116588294008
ID_Ouns3a_20221123,3.6280524903596154
ID_ajfZiM_20200627,0.9994387829512744
ID_yFKqBb_20130922,1.0491246154608067
ID_fTJRFg_20180317,5.822575666279852
ID_evLUbn_20101129,5.03004972618661
ID_wwUQeJ_20131107,8.987189041561129
ID_rlzkF7_20171120,6.470713936722115
ID_O6G6ns_20141008,4.855024674966741
ID_3vdPy4_20130612,0.5052903883221957
ID_g3uA77_20200726,0.8268593125169923
ID_Q9MvwS_20141109,6.178978636383695
ID_kNxrEq_20130121,5.337585037541086
ID_W3MaAP_20191215,9.388054882086573
ID_PxCRNk_20200327,6.872315425190164
ID_Bj7JXU_20231208,5.534253503357853
ID_kL743u_20170205,3.101965018436024
ID_zn2LI3_20230411,2.133187332957076
ID_4kk5dg_20140131,16.12331481445871
ID_MueWf2_20110322,3.255092295116237
ID_4apIGD_20181120,9.366809708037172
ID_xpSHic_20201030,12.844711636713361
ID_DHWFOu_20110329,12.555956898430713
ID_I7Z4If_20210627,0.7798005718018736
ID_W4y16Q_20220604,0.5765274809976807
ID_u4u06z_20200128,6.396528708672905
ID_uRUSlU_20100115,4.875704730023993
ID_RHQIE9_20201117,7.476605543610217
ID_9MQt7C_20120803,0.5066087906128258
ID_RIJFeP_20100905,0.7782134793039026
ID_kPIg9i_20210405,3.496997593268655
ID_fjO1ZI_20101227,12.655536235678023
ID_cLADJT_20230117,4.115432233594232
ID_NYraie_20160202,3.9729060869254322
ID_GsM9pn_20220110,6.932320765978819
ID_EVYbAq_20200616,0.5464339208410505
ID_fD4JXe_20170130,4.411290128234246
ID_pmJhpq_20190220,2.4414040061248454
ID_bWB3jG_20160905,1.3842254922254509
ID_xzn1hv_20221222,6.847207699224931
ID_VBsWVW_20131222,5.176477964951307
ID_DEMyTi_20230907,1.9948089951214432
ID_r2eujW_20180321,6.37879382236389
ID_bozIUh_20110506,6.457651425207493
ID_FkQDca_20120512,11.931462231277605
ID_QfUlZi_20150307,2.7394343348602073
ID_GBiPag_20230322,5.4920793240494765
ID_IgMd8M_20150805,0.5216345477196473
ID_T35NYC_20191101,5.531620662629615
ID_0KVftp_20220117,10.424159730513102
ID_1sLg7E_20130924,1.5527234756589983
ID_HuNSLR_20150728,0.53983324480244
ID_5JRQa0_20110522,3.245531319216985
ID_e2BdVX_20170916,1.8325839019888859
ID_2LqMAW_20100126,7.075514350137986
ID_43exNX_20201109,10.256403894475241
ID_O3H8KA_20130507,4.523446543068369
ID_FUMhEP_20130118,4.86068333400856
ID_dM3NBS_20220106,4.970641098749628
ID_2VGzMa_20191111,12.170058953354525
ID_zFIsMf_20140108,6.12132185424253
ID_RljvMS_20230209,3.7056710443997947
ID_LKJM8a_20180723,0.5027865611819906
ID_nW2eGl_20110310,5.694126513536781
ID_rIabbE_20151209,9.535342539604715
ID_3Qa0DY_20190206,5.559870613117744
ID_kzIZU8_20200811,0.5624967659613929
ID_HMnjXI_20160104,6.9108290316207
ID_rR4GZe_20140709,0.5686886058222271
ID_9WZ20o_20190214,7.736775879071297
ID_2onNw3_20200816,0.7999901070497721
ID_P5tpF3_20181231,6.201707043764742
ID_i8fbuM_20221017,2.160349242640546
ID_ucJD2Q_20130107,4.564982369819065
ID_bJnk43_20140419,5.756003360992624
ID_5qY0Pc_20140428,7.73694430500257
ID_dUn7Eb_20190906,0.8660818589500283
ID_FXuMRr_20210123,6.557605661242807
ID_myKCYt_20100606,0.5318724301116358
ID_fj4ceZ_20220511,5.032627539423819
ID_SKxpaX_20150411,5.814460214340276
ID_suJ9Of_20110908,0.6477390134797804
ID_EHNfrl_20111006,4.208576381418278
ID_T8kBnP_20221105,12.720407042429853
ID_cpn5Mo_20141115,10.027476750410175
ID_aOuG7Z_20121204,7.789987062791141
ID_mDcwtT_20190618,0.4871234494648333
ID_kNmQ3F_20200711,1.2102875834815816
ID_Yk99Uo_20211117,5.627952061975966
ID_ktIfq6_20150723,0.5281573731058801
ID_dAHbg4_20101127,13.85643326226967
ID_UjCePZ_20220523,6.158484527798317
ID_WXtNpb_20220906,1.0402715763943107
ID_aFTL7S_20170928,5.686003157434704
ID_U33rGi_20110915,1.714333409356842
ID_AzltnV_20200907,1.631173707996287
ID_SI72DY_20230204,3.3205509811675693
ID_tBNYIF_20200821,1.455093181403485
ID_NpO0cX_20210417,3.3895124900490368
ID_qB7QE5_20150904,0.6365224698983154
ID_1dYI61_20150705,0.531350566368399
ID_LWwgkw_20180821,0.5663063791265524
ID_HR13rk_20120126,5.967410865272226
ID_zkRrTe_20110603,1.3437952494091423
ID_4UAuG3_20220506,5.572738682443347
ID_kPj910_20100202,8.219456933050594
ID_V3Wvlp_20180619,1.124895111759526
ID_m20iw2_20221030,5.288007346446891
ID_iFDY7O_20130303,9.644713808553352
ID_fS0y8q_20120115,4.999716049458126
ID_5Z5tLY_20140228,7.525331279913695
ID_VJcb0b_20230327,9.506433216576825
ID_l89CkN_20141116,5.7941373168544255
ID_C57Ccn_20220425,7.756884599360413
ID_kNbbvr_20120223,6.360188757564551
ID_jvd36P_20181102,10.865698629624768
ID_YaKWjD_20170318,2.1879533523212666
ID_W2Dc9t_20100818,0.5157321381175486
ID_PxYYIc_20120507,4.822258735821608
ID_IZl4DF_20140612,0.9237066028522333
ID_qDYJbt_20200531,3.345660315070003
ID_2EWolC_20210520,0.963209797584533
ID_NpxJLA_20110213,3.5573739623504324
ID_zG0OzB_20100620,0.5314084171811371
ID_p87Wgu_20110625,0.4996257609570683
ID_pTo0MP_20201026,8.53131149038432
ID_AXB7Nn_20160819,1.0511242169736348
ID_nDimzN_20181012,5.1050503892306605
ID_mwFCGc_20110906,0.7678603794089063
ID_UeUmIn_20140606,1.487713969703151
ID_KaUTR9_20161020,6.780209183655041
ID_6ALv01_20191127,5.128472176165552
ID_N2yLYm_20130307,5.950620881177844
ID_FOnCSp_20200201,3.5789308359616947
ID_5KiB7G_20230409,7.261610551576526
ID_Mu0KnR_20230614,1.2937155725127163
ID_0TMqrF_20151215,4.999994066914422
ID_lskS2C_20190610,0.5170628469044662
ID_FHsjP1_20170820,0.7387016650158307
ID_rJ5GqU_20110719,0.5599358462542757
ID_Ohj1Gx_20210812,0.730376159271416
ID_1ttOYv_20211126,3.5674469395728714
ID_pm7bs9_20190528,1.87722229719588
ID_rLrp6t_20140515,7.926460939031614
ID_KDLUzP_20140609,0.6924588207322963
ID_87jBqE_20160210,4.038011316537155
ID_wj9Xip_20231021,3.3020674567620123
ID_kZjYmJ_20200105,5.708229823524262
ID_Xv1VaP_20180730,0.5470628750105117
ID_G8CruM_20150426,4.644335919852157
ID_2lnlgt_20211018,2.876403428907966
ID_ad9Rp5_20170223,6.238705173954553
ID_AcWEAQ_20140210,3.610582474702345
ID_I98JA2_20130318,7.345421678113219
ID_d1qDR3_20140326,14.056512915114611
ID_HPZvJC_20101122,6.843205554824312
ID_n3MoEB_20121117,9.584027881936029
ID_JvVI92_20180628,0.5893600584854211
ID_Was6NB_20220204,7.658503533675601
ID_sSb77i_20180427,5.633123011816771
ID_HjDY3M_20140416,3.732172104713099
ID_RSx4aP_20140615,0.7423664307919862
ID_TbmiZR_20130411,6.410427875588617
ID_URsxjg_20110913,1.0515137479833288
ID_XidyM5_20231008,3.178383431986
ID_hbIiCr_20200808,0.6775910620294976
ID_JA0o1F_20140122,5.093570543725837
ID_AebPIR_20130404,5.8453567452499895
ID_iagHwY_20101125,4.803271488109139
ID_SuMkHb_20111011,4.129464627012858
ID_9IbbaX_20120616,0.519392334415772
ID_YNp7dI_20140512,6.806376061644759
ID_9teJw2_20130128,5.519593842281163
ID_5qgjHj_20150816,0.58912306254452
ID_F7lgsk_20230103,6.698842280791481
ID_P51Tps_20150607,0.5374152252984127
ID_ttAYCM_20221010,3.8749037547824865
ID_dOM4QW_20210319,8.188033525100217
ID_nbl3IB_20221126,15.731052749178785
ID_tNLTKd_20190726,0.5211654144054023
ID_fMyetD_20190716,0.6077882487496997
ID_Ve0Wpj_20160302,9.286184956366041
ID_vQLct5_20171207,3.9129393855726833
ID_wtx6fR_20180222,8.772952115700031
ID_91YanI_20121020,4.05911231982134
ID_7GEGbE_20220531,1.111995743687173
ID_qdIhNE_20161117,3.6015180979030106
ID_24Kf0b_20210815,0.7194642964833672
ID_kJHNRw_20171212,7.393699546258636
ID_FGRsSD_20150208,7.313562521366735
ID_FQCZLF_20120320,5.8296534758242675
ID_saBFTY_20230722,0.654509959573305
ID_puNO2D_20120905,0.7832573741184701
ID_vGsNOZ_20230506,4.198648795293044
ID_wU5jOi_20180806,0.5935110349950966
ID_UTIwtn_20160702,0.5940067910596748
ID_9mAhKP_20150526,0.8022045769576435
ID_W9y2qX_20170302,1.1260902647331834
ID_xo7cAz_20161121,25.01961938577925
ID_CEP2l1_20161130,6.481653841136852
ID_CbVaZn_20160815,0.6594765107818392
ID_7zGfZp_20230610,1.6954908077919977
ID_Isu8bg_20221028,6.266289521367703
ID_4PNIAe_20100624,0.5736662512266797
ID_mzEln9_20150204,4.290991007137741
ID_5xADte_20210825,0.8970018191016045
ID_x0CEv6_20140529,2.054557321182096
ID_JjzPiF_20230415,9.488719049938858
ID_NErjxY_20100806,0.6909999461257402
ID_Ny680f_20220612,0.5073584472794621
ID_0hJOa5_20221101,4.3385391038201995
ID_6QLpiF_20131215,8.986456558664992
ID_8tF15O_20111122,7.3277957093838735
ID_AAWV6y_20190907,1.1853136012413146
ID_VjdphP_20160605,0.7793727785407656
ID_5PkcqO_20200608,1.1036334664724423
ID_hGQUYi_20130111,6.91951997303307
ID_6qf5LE_20220522,6.227945984442125
ID_vJ5h3K_20120329,8.260633876385082
